culture,product_name,purchase_frequency
Arabic,100% Colombian Medium Roast K-Cup Packs Arabica Coffee,8
Arabic,100% Premium Arabica Ground Coffee,32
Arabic,Arabica Premium Whole Bean Medium Roast Coffee,1
Arabic,Caramel Vanilla Cream Light Roast K-Cup Packs Arabica Coffee,12
Arabic,Colombian Fair Trade Select Medium Roast K-Cup Packs Arabica Coffee,3
Arabic,Detox Cellulite Soap Exfoliating With Arabica Coffee,4
Arabic,French Vanilla Light Roast K-Cup Packs Arabica Coffee,12
Arabic,Hazelnut Medium Roast K-Cup Packs Arabica Coffee,16
Arabic,"Italy's Favorite Coffee Santa Marta 100% Arabica, Colombia Ground Coffee",2
Arabic,Monoarabica Ethiopian Whole Bean Coffee,1
Arabic,Monoarabica Whole Bean Coffee,1
Arabic,Sumatra Single Origin Dark Whole Bean 100% Arabica Coffee,2
Arabic,Sweet & Creamy Regular Medium Roast Iced K-Cups Arabica Coffee,1
Armenian,Armenian String Cheese,14
Armenian,Persian (Armenian) Cucumber,66
Bulgarian,Bulgarian Cultured Buttermilk,17
Bulgarian,Bulgarian Feta,10
Bulgarian,Bulgarian Yogurt,8
Bulgarian,Organic Bulgarian Yogurt,20
Bulgarian,Whole Milk Bulgarian Yogurt,5
Cantonese,Cantonese Oyster Flavored Sauce,2
Cantonese,"Duck Sauce, Sweet & Sour, Cantonese",3
Chinese,Authentic Chinese Noodles,15
Chinese,Broad Noodles with Chicken & Chinese Broccoli,2
Chinese,Chinese Barbecue Sauce,1
Chinese,Chinese Breakfast Black Tea,1
Chinese,Chinese Chicken Salad,4
Chinese,Chinese Chicken Salad Dressing,1
Chinese,Chinese Duck Sauce,10
Chinese,Chinese Eggplant,45
Chinese,Chinese Five Spice,1
Chinese,Chinese Five Spice Blend,1
Chinese,Chinese Five Spices Powder,3
Chinese,Chinese Long Beans,2
Chinese,Chinese Noodles,4
Chinese,Chinese Noodles and Veggies in a Cashew Cream Sauce,45
Chinese,Chinese Style Chicken Soup Bowl,3
Chinese,Chinese Style Noodles,3
Chinese,Chinese Style Salad Kit,1
Chinese,Fancy Mixed Chinese Vegetables,1
Chinese,Hot & Sour  Chinese Style Egg Flower Soup Mix,2
Chinese,Organic Chinese Five Spice,9
Chinese,Organic Chinese Mung Bean Sprouts,2
Danish,Apple Danish,1
Danish,Authentic Danish Style Blue Cheese,1
Danish,Cheese Danish,10
Danish,Cheese Danish Twist,13
Danish,Cherry Danish,2
Danish,Crumbled Danish Blue Cheese,3
Danish,Danish Butter Cookies,5
Danish,"Danish Butter, Imported",10
Danish,Danish Variety Pack,20
Danish,Raspberry Danish Twist,6
Danish,Rosenberg Danish Blue Cheese Traditional,5
Danish,Toaster Strudel Danish Style Cream Cheese Toaster Pastries,3
Dutch,Bag of Dutch Yellow Fingerling Potatoes,45
Dutch,"Cheese, Aged Dutch, Vincent",1
Dutch,"Crispbreads, Thick Cut, Smoked Dutch Gouda and Garlic",6
Dutch,Dutch Apple Pie,13
Dutch,Dutch Cocoa Flavor Crunchy Nuggets,29
Dutch,Dutch Country Potato Bread,5
Dutch,Dutch Country Smooth Texture 100% Whole Wheat Bread,27
Dutch,Dutch Yellow Pee Wee,7
Dutch,Dutchman's Chocolate Ice Cream,8
Dutch,Handmade Pennsylvania Dutch Pretzels,4
Dutch,High Protein Dutch Chocolate Frozen Yogurt,2
Dutch,"Ice Cream, Super Premium, Dutch Chocolate",29
Dutch,Kids Detangling Spray Double Dutch Apple,2
Dutch,Organic Dutch Chocolate Ice Cream,50
Dutch,Original Flaky Crust Dutch Apple Pie,2
Dutch,"Pie, Dutch Apple",4
Dutch,Rich & Creamy Hershey's Dutch Cocoa Chocolate Frosting,14
Dutch,Sorbet Dutch Chocolate,13
English,100% Whole Wheat English Muffin 6 Ct,51
English,100% Whole Wheat English Muffins,8
English,100% Whole Wheat Slice English Muffins,57
English,9 Grain English Muffin,1
English,Apple Pie Flavored English Muffins,12
English,Awake English Breakfast Black Tea K-Cups,6
English,Black Tea English Breakfast K-Cups,3
English,Blueberry English Tea Scones,44
English,Cinnamon Raisin English Muffins,50
English,"Clotted Cream, English Luxury",13
English,Crunchy English Toffee with Almonds in Dark Chocolate Bar,2
English,Currant English Tea Scones,2
English,Decaffeinated English Breakfast Black Tea,16
English,Delights Canadian Bacon Egg Whites & Cheese Honey Wheat English Muffin,45
English,"Delights Chicken Sausage, Egg Whites, & Cheese English Muffin",18
English,Delights Turkey Sausage Egg Whites & Cheese English Muffin,66
English,"Delights Turkey Sausage, Egg Whites, & Cheese English Muffin",1
English,Double Fiber Whole Grain Sliced English Muffins,17
English,Double Protein Oatmeal English Muffins,17
English,"Double Superfine Mustard Powder, Original English",18
English,English Beer Mustard,1
English,English Breakfast,15
English,English Breakfast Black Tea,5
English,English Breakfast Black Tea Bags,54
English,English Breakfast Black Tea KCups,1
English,English Breakfast Tea,3
English,English Breakfast Tea Bags,54
English,English Cheddar Cheese Smoked,1
English,English Cucumber,1
English,English Cucumbers,1
English,English Double Devon Cream,16
English,English Hydro Cucumber,5
English,"English Muffin Sandwiches, Canadian Bacon, Whole Cracked Egg & Cheese",6
English,English Muffin Toasting Bread,4
English,English Muffins,159
English,English Peas,1
English,English Peas Pack,4
English,English Seedless Cucumber,773
English,English Tea Ginger Lemon Cremes Cookies,6
English,English Tea Sandwich Cookies,4
English,English Tea Scones Orange,3
English,English Tea Scones Original,19
English,English Teatime Black Tea,12
English,English Toffee Caramels,1
English,English Toffee Crunch Ice Cream Bars,12
English,Extra Crisp English Muffins,99
English,Flourless  Sprouted Whole Grain 7-Sprouted Grains English Muffins,113
English,Fudge Brownies with English Walnuts,6
English,Gluten Free Brown Rice English Muffins 6 ct,59
English,Gluten Free Multigrain English Muffins,11
English,Gluten Free Original English Muffins,49
English,Golden White English Muffins,36
English,Hearty Grains 100% Whole Wheat English Muffins,194
English,Heath Milk Chocolate English Toffee Bar Frozen Dairy Dessert,8
English,High Fiber English Muffin,11
English,Honey Pecan English Tea Scones,5
English,Honey Wheat English Muffins,5
English,Light Multi-Grain English Muffins,237
English,Meat Lovers English Muffin Breakfast Sandwiches,1
English,Milk Chocolate English Toffee Miniatures Candy Bars,6
English,Mixed Berry English Tea Scones,27
English,Multi Grain English Muffins,14
English,Multi Seed English Muffin,29
English,Multi-Grain English Muffins,29
English,Organic Cinnamon Raisin English Muffins,18
English,Organic English Breakfast Black Tea,7
English,Organic English Cucumber,518
English,Organic English Seedless Cucumber,18
English,Organic Multigrain English Muffins,49
English,Organic Multigrain with Flax English Muffins,100
English,Organic Spelt English Muffins,42
English,Organic Sprouted English Muffin,289
English,Organic Teas Black Tea Organic English Breakfast Tea Bags - 16 CT,21
English,Organic White English Muffins,112
English,Organic Whole Grain Wheat English Muffins,417
English,Original English Muffin,2
English,Original English Muffins,156
English,Original English Mustard,4
English,Original Nooks & Crannies Cinnamon Raisin English Muffins,58
English,Original Nooks & Crannies English Muffins,669
English,Original Spelt Organic English Muffins,20
English,Original Whole Grain English Muffins,45
English,Paleo English Muffins,19
English,Premium English Breakfast Black Tea Bags,24
English,Pumpkin Spice English Muffins,1
English,Raspberry English Tea Scones,19
English,SARA LEE     14OZ ENGLISH MUFFINS,4
English,Smart Ones Canadian Style Turkey Bacon English Muffin Sandwich,5
English,Sourdough English Muffin,2
English,Sourdough English Muffins,16
English,Sprouted Organic Cinnamon Raisin English Muffins,151
English,Sprouted Whole Grain & Seed English Muffins,19
English,Traditional Hot English Mustard,12
English,Turkey Sausage English Muffin Sandwich Tasty American Favorites,6
English,Turkey sausage with egg whites and reduced fat cheese on an English muffin Turkey Sausage English Muffin,3
English,Umcka Cough Max Relief English Ivy Base,1
English,Wheat English Muffins,143
English,White English Muffins,140
English,Whole Wheat English Muffins,268
English,of Norwich Original English Mustard Powder Double Superfine,5
French,5 In French Rolls,22
French,All Natural French Toast Sticks,111
French,All Natural French Vanilla Hand & Body Lotion,1
French,All Natural Whey Protein Isolate Powder French Vanilla,1
French,All-In-One French Vanilla Nutritional Shake Sachet,29
French,All-In-One Nutritional Shake French Vanilla,4
French,Artichoke Burgers French Herb,6
French,Artisan French Rolls,13
French,Authentic French Brioche,282
French,Authentic French Brioche Hamburger Buns,380
French,Authentic French Brioche Rolls,80
French,Authentic French Cheese & Cream Brioche,5
French,Authentic French Chocolate Swirl Brioche,34
French,Authentic French Sliced Brioche,7
French,Blooming Jasmine French Milled Oval Soap,1
French,Bold & Crispy Zesties! Crispy Seasoned French Fried Potatoes,18
French,"Bread, French Baguette, Mini",8
French,"Bread, French, Sweet, Sliced",1
French,Breakfast Essentials® Classic French Vanilla Powder Drink Mix,3
French,Cafe-Style French Vanilla Beverage Mix,2
French,CalNaturale Svelte Organic Protein Shake French Vanilla,16
French,Caramel Galette French Cookies,1
French,"Chambord French Press, 8 Cup",2
French,Cheddar French Fried Onions,2
French,Chocolate Chip French Twists,3
French,Cinnamon French Toast Stick,1
French,Cinnamon French Toast Sticks,20
French,Cinnamon French Toaster Sticks,35
French,Cinnamon Swirl French Toast,2
French,Classic Cut French Fries,3
French,Classic French Demi-Glace,12
French,Classic French White Bread,28
French,Cocoa Classics French Vanilla & Chocolate Hot Cocoa Mix,2
French,Coffee Mate French Vanilla Creamer Packets,22
French,"Coffee, French Vanilla, K-Cup Packs",10
French,CoffeeMate French Vanilla Sugar Free Creamer,16
French,Country French Bread,48
French,Country French With Orange Blossom Honey Dressing,2
French,Country Style French Fries Seasoned Potatoes With Skins,3
French,Creamy French Dressing Salad,4
French,Creamy French Style Fat Free Dressing,1
French,Creamy Swiss French Onion Wedges Cheese,14
French,Creme Fraiche French Cultured Cream,68
French,Crinkle Cut French Fried Potatoes,6
French,Crinkle Cut French Fries,160
French,Crinkle Fries French Fried Sweet Potatoes,4
French,Dairy Free French Vanilla Coconut Milk Creamer,123
French,Dairy Free French Vanilla Creamer Almond Milk,56
French,Dark French Roast Ground Coffee,9
French,Dark French Roast Whole Bean Coffee,23
French,Dark Roast French Roast Ground Coffee,1
French,Decaffeinated French Roast Coffee,1
French,Decaffeinated French Roast Dark Roast Ground Coffee,3
French,Deluxe French Dressing,2
French,"Eggo French Toaster Sticks, Cinnamon",2
French,Extra Crispy Restaurant Seasoned Style French Fried Potatoes,3
French,Fair Trade Organic French Roast Coffee,3
French,Family Size Bag of French Green Beans,27
French,Fat Free French Vanilla Coffee Creamer,3
French,Fat Free French Vanilla Creamer,124
French,Fat Free Smooth & Creamy French Vanilla Organic Yogurt,8
French,Favorites French Bread Supreme Pizza,6
French,Five Cheese & Garlic French Bread Pizza Singles,16
French,Flavors French Vanilla Mountain Grown Ground Coffee,2
French,French Baguette,171
French,French Baguette Bread,94
French,"French Baguettes, Take & Bake, Twin Pack",147
French,French Batard Bread,10
French,French Beans,37
French,French Bread,55
French,French Bread Baguette,2
French,French Bread Pepperoni Pizza,28
French,French Bread Pizza Cheese,17
French,French Bread Pizza Deluxe,15
French,French Bread Pizza Pepperoni,59
French,French Brie,3
French,French Butter Cookie With Coconut,3
French,French Butter Cookies Coated In Milk Chocolate,5
French,French Butter Cookies Coated in Dark Chocolate,4
French,French Butter Cookies With Lemon & Almond,3
French,French Cheesecake,2
French,French Cut Green Beans,18
French,French Demi Baguette,24
French,French Dinner Roll,2
French,French Dinner Rolls,4
French,French Dip Au Jus Concentrated Sauce,2
French,French Feta,31
French,French Fried Curly Fries Potatoes,1
French,French Fried Onions,2
French,French Fries,5
French,French Green Beans,143
French,French Green Lentils,3
French,French Lavender All-Purpose Natural Surface Cleaner,28
French,French Lavender Bath & Shower Gel,3
French,French Lavender Body Lotion,3
French,French Lavender Clarifying Shampoo,2
French,French Lavender Hand Soap,19
French,French Lavender Hand Wash,6
French,French Lavender Organic Whole Milk Yogurt,4
French,French Lavender Soothing Shower Gel,6
French,French Lilac Soy Candle,1
French,French Lilac Votive Candles,1
French,French Loaf,98
French,French Milled Oval Almond Gourmande Soap,1
French,French Milled Shea Butter Oval Soap,1
French,French Mini Madeleines Sponge Cakes,3
French,French Onion Chips,46
French,French Onion Dip,194
French,French Onion Dip Mix,59
French,French Onion Dip Potato Crisps,1
French,French Onion Recipe Mix,11
French,French Onion Snack Dip,2
French,French Onion Soup,26
French,French Onion Sour Cream Dip,50
French,French Onion Veggie Dip,1
French,French Organic Dressing,2
French,French Pure Butter Cookies,4
French,French Roast,1
French,French Roast Coffee K-Cups,12
French,French Roast Dark Coffee,1
French,French Roast Dark Roast Coffee K- Cups,11
French,French Roast Dark Roast Ground Coffee,3
French,French Roast Dark Roast K-Cup Packs Coffee,8
French,French Roast Ground Coffee,186
French,French Roast K Cup,1
French,French Roast Organic Whole Bean Coffee,20
French,French Roast Single Serve Coffee K-Cups,37
French,French Roast Single Serve Cups Dark Roast Coffee,2
French,French Roast Whole Bean Coffee,78
French,"French Roast, Dark Roast K-Cups",46
French,French Rolls,26
French,French Rose Clay,1
French,French Sandwich Rolls,50
French,French Sea Salt Caramel Butter Cookies,1
French,French Sliced Bread,12
French,French Snacking Brie,9
French,French Steak Rolls,2
French,French Style Cut Green Beans,1
French,French Style Fresh Cut Green Beans,36
French,French Style Green Beans,12
French,French Style Green Beans No Salt Added,1
French,French Toast Baked Graham Snacks,1
French,French Toast Sticks,2
French,French Triple Creme Cheese,13
French,French Vanilla Almond Granola,32
French,French Vanilla Cappuccino,3
French,French Vanilla Coconut Milk Creamer,225
French,French Vanilla Coffee Creamer,122
French,French Vanilla Creamer,362
French,French Vanilla Creme Protein Energy Bars,5
French,French Vanilla Dairy Creamer,2
French,French Vanilla Fat Free Coffee Creamer,11
French,French Vanilla Fat Free Powder Coffee Creamer,4
French,French Vanilla Flavored Medium Roast Ground Coffee,2
French,French Vanilla Granola,3
French,French Vanilla Half+Half,71
French,French Vanilla Ice Cream,99
French,French Vanilla Joy Candle,11
French,French Vanilla Light Roast K-Cup Packs Arabica Coffee,12
French,French Vanilla Liquid Coffee Creamer,3
French,French Vanilla Medium Roast K-Cup Packs Coffee,1
French,French Vanilla Powder Coffee Creamer,11
French,French Vanilla Ready To Drink Shakes,2
French,French Vanilla Rice Pudding,10
French,French Vanilla Soy Creamer,117
French,French Vanilla Sugar Free Coffee Creamer,1
French,French Vanilla Sugar Free Liquid Coffee Creamer,157
French,French Vanilla Sugar Free Non Dairy Creamer,1
French,French Vanilla Sugar Free Powder Coffee Creamer,3
French,French Vanilla Super Moist Cake Mix,3
French,French Vanilla Syrup,5
French,French Vanilla Whey Based Protein Powder,9
French,French Vanilla Yogurt,31
French,French Vanilla Yogurt Vanilla,43
French,French Wine Aperitif,4
French,Fresh Cut Blue Lake French Style Green Beans,3
French,Fresh Cut French Style Green Beans,6
French,Fresh French Lavender Body Bar Soap,1
French,"Giant French Prunes, Pitted",1
French,Gluten Free Cinnamon French Toast Sticks,35
French,Gluten Free Class French Dinner Rolls,44
French,Gluten Free Extra Crispy Fast Food French Fried Potatoes,61
French,Gluten Free French Baguettes,29
French,Golden Crinkles French Fried Potatoes,82
French,Golden Fries French Fried Potatoes,55
French,Golden Twirls French Fried Potatoes with Skins,5
French,Gourmet French Roast Ground Coffee,2
French,"Green Beans, French Herb",3
French,"Grilled white meat chicken in an apple reduction with cranberries, French cut green beans & carrots and whole wheat orzo pasta. Apple Cranberry Chicken",5
French,Ground Coffee French Roast,28
French,"Hand Soap, Refill Size, French Lavender",8
French,Handcrafted French Pot Bourbon Pecan Chocolate Chip Ice Cream,2
French,Handcrafted French Pot Ice Cream Toffee Chocolate Chip,1
French,Handcrafter French Pot Ice Cream Buckeye Chocolate Chip,1
French,Hearty French Country Vegetable Soup,36
French,Homestyle French Toast,10
French,Homestyle French Toast Sticks,10
French,Honey French Dressing,2
French,"Ice Cream, Natural, French Vanilla",1
French,Instant French Vanilla Pudding & Pie Filling,7
French,Intense & Smoky French Roast Dark Roast Ground Coffee,46
French,Julienne Fancy French Style Beets,5
French,Jumbo Crinkle Cut French Fries,5
French,Light Deluxe French Salad Dressing,1
French,Light French Onion Veggie Dip,1
French,Light French Silk Slow Churned Ice Cream,5
French,Light Sweet & Spicy French Salad Dressing,2
French,Lite Country French Dressing,1
French,Lite French Onion Dip,10
French,Mache Rosettes French Salad Mix,262
French,"Mini I.D.'s French Vanilla Creamer, Singles",27
French,Mini Madeleines French Sponge Cakes with Chocolate Chips,1
French,NOTICeables French Lavender & Riviera Nights Scented Oil Refill,1
French,Natures's Dairy-Free Creamer French Vanilla Unsweetened,14
French,Non Alcoholic French Vanilla Coffee Creamer,2
French,Non-Dairy French Vanilla Singles Creamer,13
French,One French Vanilla Nutritional Shake Drink Mix,15
French,Organic Baby French Beans,2
French,Organic Bake at Home French Bread,4
French,Organic Cold Brew Coffee Concentrate French vanilla,2
French,Organic Fat Free French Vanilla Yogurt,18
French,Organic French Agen Plums,2
French,Organic French Beans,9
French,Organic French Cut Green Beans,3
French,Organic French Dressing Organic,11
French,Organic French Fingerling Potato,27
French,Organic French Green Lentils,3
French,Organic French Onion Dip Mix,1
French,Organic French Onion Soup,11
French,Organic French Roast,1
French,Organic French Roast Coffee,7
French,Organic French Roast Coffee Beans,2
French,Organic French Roast Ground Coffee,70
French,Organic French Roast Whole Bean Coffee,1
French,Organic French Style Meyer Lemon Yogurt,6
French,Organic French Vanilla Almond Granola,38
French,Organic French Vanilla Ice Cream,1
French,Organic French Vanilla Yogurt,6
French,Organic French-Style Meyer Lemon Yogurt,28
French,Organic Lower Sodium French Lentil Soup,10
French,Organic Lowfat French Vanilla Yogurt,174
French,Organic Plain French Style Yogurt,31
French,Organic Protein Shake French Vanilla,8
French,Organic Steve's Smooth French Coffee,2
French,Organic Whole Milk French Vanilla Yogurt,159
French,Original French Dressing,1
French,Original French Fried Onions,53
French,Original French Toast Sticks,10
French,Original French Vanilla Yogurt,144
French,Original Snack Size French Twists,2
French,Pain Rustique French Bread,13
French,Petite French Baguette,25
French,Pirouette French Vanilla Creme Filled Wafers,2
French,Potato French Fingerling Organic,1
French,"Premium Dressing, French Vinaigrette",2
French,Premium French Sparkling Pink Lemonade Soda,1
French,Protein Energy Bar Original French Vanilla Creme,14
French,Real French Vinaigrette Dressing,96
French,Rich & Creamy Grand French Vanilla Ice Cream,3
French,Rocks N Rolls Almond French Munching Cookies,2
French,Rocks N Rolls Orange Chocolate Chip French Munching Cookies,1
French,Serenity French Lavender Bath Salt & Soak,5
French,Shoestring French Fried Potatoes,1
French,Shoestrings French Fried Potatoes,23
French,Signature French Vanilla Cake Mix,2
French,Simply Country Style Olive Oil and Sea Salt French Fried Potatoes,1
French,Singles Pepperoni French Bread Pizzas,16
French,Singles Supreme French Bread Pizzas,6
French,Sliced Extra Sour French Bread,3
French,Sliced Fancy French Style Green Beans,4
French,Slow Churned French Vanilla Light Ice Cream,3
French,Smooth & Creamy Organic Lowfat French Vanilla Yogurt,56
French,"Soap, French Milled Oval, Climbing Wild Rose",1
French,"Soap, French Milled Oval, Lavender Fields",2
French,Soft French-Style Herb-Garlic Nut Cheese,31
French,Soft French-Style Nut Cheese,10
French,Sour Sliced French Enriched Bread,5
French,Special K Protein French Vanilla Shakes,4
French,Steak Cut French Fried Potatoes,3
French,Steak Fries Thick-Cut French Fried Potatoes,25
French,Straight Fries French Fried Sweet Potatoes,8
French,Strawberry French Cheesecake,3
French,Sugar Free French Vanilla,6
French,Sugar Free French Vanilla Coffee Creamer,1
French,Swirl Thick Slice French Toast Bread,3
French,Take & Bake French Dinner Rolls,16
French,Taster's Choice French Roast Instant Coffee,8
French,Three Meat French Bread Pizza Singles,6
French,Uniquely Creamy French Vanilla Frozen Yogurt,1
French,Via Instant Dark French Roast Coffee,4
French,Waffle Fries French Fried Potatoes,10
French,Whole Bean Coffee French Roast,2
French,Whole Bean French Roast Dark Roast Blend Extra Bold Coffee,39
French,Zesty French Dressing,5
German,Authentic German Spaetzle Home-Style Egg-Noodles,1
German,Delights Super Moist German Chocolate Cake Mix,2
German,German Barrel Sauerkraut,8
German,German Bologna,5
German,German Chocolate Cake Mix,1
German,German Chocolate Cake Slice,3
German,German Farm Bread,21
German,German Potato Salad,1
German,German Quality Beer,1
German,German Style Quark Vanilla Bean,8
German,German's Sweet Chocolate Baking Bar,5
German,Gingerman Sweet and Simple Cookkies,9
German,Sausage Smoked Sweet German Brand,5
German,Traditional German Egg Broad Pasta,5
German,Traditional German Egg Noodles Spaetzle Farmer Style,4
German,Traditional German Egg Pasta Thin Soup Noodles,8
Greek,0% Fat Black Cherry Greek Yogurt y,9
Greek,0% Fat Blueberry Greek Yogurt,15
Greek,0% Fat Greek Yogurt Black Cherry on the Bottom,2
Greek,0% Fat Greek Yogurt Vanilla,2
Greek,0% Fat Organic Greek Vanilla Yogurt,65
Greek,0% Fat Peach Greek Yogurt,3
Greek,0% Fat Strawberry Greek Yogurt,8
Greek,0% Fat Superfruits Greek Yogurt,18
Greek,0% Fat Vanilla Greek Yogurt,9
Greek,0% Greek Strained Yogurt,413
Greek,0% Greek Yogurt Black Cherry on the Bottom,64
Greek,"0% Greek, Blueberry on the Bottom Yogurt",39
Greek,0% Milkfat Greek Plain Yogurt,3
Greek,0% Milkfat Greek Yogurt Honey,2
Greek,100 Calorie Pineapple Coconut Blended Greek Yogurt,9
Greek,100% Greek Classic Extra Virgin Olive Oil,3
Greek,2% Greek Style Vanilla Yogurt,1
Greek,2% Milkfat Greek Yogurt Key Lime Blended,30
Greek,2% Milkfat Greek Yogurt with Mango On The Bottom,1
Greek,2% Strawberry N Cream Greek Whips,1
Greek,Activia Greek Nonfat Yogurt Blueberry,3
Greek,Activia Greek Yogurt Blueberry & Strawberry,2
Greek,"Activia Light Greek Cherry Nonfat Yogurt, Fruit on the Bottom",1
Greek,Air Effects Air Refresher Greek Seaside,2
Greek,All Natural Greek With Feta & Black Olive Dressing & Marinade,1
Greek,Ancient Grains Apricot Blended Low-Fat Greek Yogurt,2
Greek,Artisanal Nonfat Coffee Greek Yogurt,9
Greek,Baby Food Stage 2 Raspberry Spinach & Greek Yogurt,56
Greek,Banana Cream Traditional Oikos Greek Yogurt,19
Greek,Banana Greek Nonfat Yogurt,1
Greek,Banana Low-Fat Greek Yogurt,1
Greek,Banana Peanut Butter Greek Frozen Yogurt,2
Greek,Banana on the Bottom Greek Yogurt Low-Fat Yogurt,6
Greek,Bistro Greek Feta Chopped Salad Bowl,1
Greek,Black Cherry 0% Fat Oikos Greek Yogurt,7
Greek,Black Cherry Greek Style Yogurt,4
Greek,Black Cherry Non-Fat Greek Yogurt,1
Greek,Blackberry Greek Yogurt + Chia,7
Greek,Blended Apple Cinnamon Greek Yoghurt,4
Greek,Blueberry Greek Yogurt,2
Greek,Blueberry Greek Yogurt + Chia,13
Greek,Blueberry Greek Yogurt Meal Bars,2
Greek,Blueberry Vanilla Graham Greek Frozen Yogurt,3
Greek,Blueberry on the Bottom Nonfat Greek Yogurt,220
Greek,California Peach Greek Yogurt,2
Greek,Capretta Greek Original Goat Yogurt,12
Greek,Caramel Macchiato Nonfat Greek Yogurt,2
Greek,Cherry Pomegranate Greek Yogurt,206
Greek,Chipotle Ranch Greek Yogurt Dip,3
Greek,Chocolate Chip Cookie Dough Frozen Greek Yogurt Bars,39
Greek,Chocolate Fudge Greek Yogurt Bar,3
Greek,Chopped Greek Bacon and Bleu Yogurt Salad Kit,6
Greek,Chopped Kit Southwest Salad Greek Yogurt Jalapeno Ranch Dessing,25
Greek,Classic Greek Dressing,2
Greek,Clover Org Greek Plain,17
Greek,Coconut & Chia Greek Yogurt,4
Greek,Coconut Blended Greek Yogurt,122
Greek,Coconut Blended Low-Fat Greek Yogurt,11
Greek,Coconut Macaroon Greek 100 Whips,1
Greek,Coffee Blended Low-Fat Greek Yogurt,22
Greek,Coffee Chocolate Chip Frozen Greek Yogurt Bars,23
Greek,Coffee Chocolate Chunk Greek Nonfat Yogurt & Cinnamon Crisps Dippers,1
Greek,Cookies & Cream Greek Crunch Yogurt,2
Greek,Crossovers Lemon with Shortbread Crumble Low-Fat Greek Yogurt,5
Greek,Crossovers Maple Syrup Blended with Ancient Grain Granola Low-Fat Greek Strained Yogurt,10
Greek,Crunch Chocolate Caramel Pretzel Greek Yogurt,1
Greek,Cucumber Dill Greek Yogurt Dressing,2
Greek,Dairy Free Greek Style Vanilla Coconut Milk Yogurt,6
Greek,Dairy Free Greek Vinaigrette Made With Avocado Oil & Oil of Oregano,13
Greek,Dairy Free Greek Yogurt Black Cherry,25
Greek,Dairy Free Greek Yogurt Blueberry,21
Greek,Dairy Free Greek Yogurt Strawberry,33
Greek,Deli-Sliced Golden Greek Pepperoncini,19
Greek,Diced Onion Greek Yogurt Dip,5
Greek,Fage Nonfat Plain Greek Yogurt,1
Greek,Farmstyle Greek Old Fashioned Vanilla Strained Lowfat Yogurt,18
Greek,"Farmstyle Greek Strained Yogurt Oregon Blueberry, 2% Milkfat",4
Greek,"Farmstyle Greek Strained Yogurt Oregon Strawberry, 2% Milkfat",13
Greek,"Farmstyle Greek Strained Yogurt Washington Raspberry, 2% Milkfat",8
Greek,Fat Free Lemon Greek Yogurt,1
Greek,Fat-Free Greek Yogurt with Strawberry and Granola,1
Greek,"Fenugreek Seed, 610 mg, Capsules",3
Greek,Flip Chipotle Pineapple Low-Fat Greek Yogurt,1
Greek,Flip Chocolate Haze Craze Low-Fat Greek Yogurt,71
Greek,Flip Coffee Break Bliss Greek Yogurt,38
Greek,Flip Greek Yogurt Tropical Escape,7
Greek,Flip PB&J Low-Fat Greek Yogurt,26
Greek,Flip Peanut Butter Dream Greek Yogurt,76
Greek,Flip Pumpkin Harvest Crisp Lowfat Greek Yogurt,10
Greek,Flip Pure Strawberry Pure Whole Milk Greek Yogurt & Strawberries,1
Greek,Flip™ Low-Fat Almond Coco Loco Lowfat Greek Yogurt,182
Greek,Flip™ Low-Fat Key Lime Crumble Greek Yogurt,161
Greek,Frozen Chocolate Fudge Greek Yogurt,37
Greek,Frozen Greek Yogurt Bars Blueberry,10
Greek,Frozen Greek Yogurt Bars Chocolate Chip,2
Greek,Frozen Greek Yogurt Bars With Toffee & Caramel & Chocolate Chips,3
Greek,Frozen Greek Yogurt Coconut Bars,20
Greek,Fruit on the Bottom Greek Blueberry Nonfat Yogurt,8
Greek,Garlic Stuffed Greek Olives,1
Greek,Gluten Free Greek Plain Yogurt,1
Greek,Grape Blended Low-Fat Greek Yogurt Pouches,26
Greek,Greek & Chia Blood Orange Yogurt,1
Greek,Greek & Chia Blueberry Nonfat Yogurt,5
Greek,Greek 0% Fat Smooth & Creamy Plain Yogurt,3
Greek,Greek 0% Fat Smooth & Creamy Vanilla,1
Greek,Greek 0% Fat Strawberry on the Bottom Yogurt,17
Greek,Greek 100 Calories Apple Pie Fat Free Yogurt,4
Greek,Greek 100 Calories Black Cherry Fat Free Yogurt,27
Greek,Greek 100 Calories Blackberry Pie Yogurt,1
Greek,Greek 100 Calories Blended Strawberry Cheesecake Fat Free Yogurt,4
Greek,Greek 100 Calories Blueberry Fat Free Yogurt,16
Greek,Greek 100 Calories Coconut Fat Free Yogurt,5
Greek,Greek 100 Calories Key Lime Fat Free Yogurt,12
Greek,Greek 100 Calories Mixed Berry Yogurt,42
Greek,Greek 100 Calories Peach Fat Free Yogurt,14
Greek,Greek 100 Calories Strawberry Banana Fat Free Yogurt,19
Greek,Greek 100 Calories Tropical Fruit Yogurt,1
Greek,Greek 100 Calories Vanilla Fat Free Yogurt,1
Greek,Greek 100 Calories Whips! Blueberry Fat Free Yogurt Mousse,4
Greek,Greek 100 Calories Whips! Peaches 'n Cream Fat Free Yogurt Mousse,1
Greek,Greek 100 Calories Whips! Raspberry Yogurt,6
Greek,Greek 100 Calories Whips! Strawberry Fat Free Yogurt Mousse,9
Greek,Greek 100 Protein Vanilla Fat Free Yogurt,54
Greek,Greek 100 Whips Strawberry Cheesecake Yogurt,23
Greek,Greek 100 Whips! Black Cherry Yogurt,4
Greek,Greek 100 Yogurt Banana Caramel,1
Greek,Greek 100 Yogurt Mango,2
Greek,Greek Corner Blackberry & Raspberry Lowfat Yogurt,3
Greek,Greek Corner Caramelized Almonds Lowfat Yogurt,1
Greek,Greek Dressing,1
Greek,Greek Extra Virgin Olive Oil,39
Greek,Greek Feta Cheese,38
Greek,Greek Low Fat Strained Honey Blended Yogurt With Glazed Pecans,5
Greek,Greek Mousse Coconut Cream Yogurt,1
Greek,Greek Non-Fat Yogurt Strawberry,4
Greek,Greek Nonfat Vanilla Yogurt with M&M's,2
Greek,Greek Nonfat Yogurt Black Cherry,2
Greek,Greek Nonfat Yogurt Plain,4
Greek,Greek Nonfat Yogurt Strawberry,1
Greek,Greek Nonfat Yogurt Vanilla,2
Greek,Greek O% Fat Maple Yogurt,1
Greek,Greek Orzo Salad,29
Greek,Greek Pitted Kalamata Olives,2
Greek,Greek Plain Whole Milk Yogurt,30
Greek,Greek Raspberry Whole Milk Yogurt,5
Greek,Greek Salad,25
Greek,"Greek Seasoning, All Purpose",3
Greek,Greek Strawberry Nonfat Yogurt,3
Greek,Greek Strawberry Yogurt,1
Greek,Greek Style Honey Yogurt,4
Greek,Greek Style Kefir,4
Greek,Greek Tirmisu,2
Greek,Greek Toasted Coconut Vanilla Non Fat Yogurt,18
Greek,Greek Vanilla Fat Free Yogurt,2
Greek,Greek Vanilla Yogurt,8
Greek,Greek Vinaigrette,2
Greek,Greek Vinaigrette Dressing & Marinade,2
Greek,Greek Whips 2% Vanilla Cream,1
Greek,Greek Whips Chocolate Cherry,1
Greek,Greek Whole Milk Blended Blueberry Yogurt,87
Greek,Greek Wrap,5
Greek,Greek Yogurt 0% Fat Pineapple,1
Greek,Greek Yogurt 0% Fat Plain,5
Greek,Greek Yogurt 100 Calories Whips Vanilla Cupcake,12
Greek,Greek Yogurt Banana & Pumpkin,3
Greek,Greek Yogurt Blueberry,2
Greek,Greek Yogurt Caesar Kit,26
Greek,Greek Yogurt Covered Craisins,4
Greek,Greek Yogurt Crunch,2
Greek,Greek Yogurt Dip,1
Greek,Greek Yogurt Dressing Creamy Ceaser,1
Greek,Greek Yogurt Dressing Cucumber Dill,1
Greek,Greek Yogurt Farmer Ranch Dip,1
Greek,Greek Yogurt Flip Carrot Cake Creation,3
Greek,Greek Yogurt Flip Cinnabun Fun,3
Greek,Greek Yogurt Flip Salted Caramel Crunch,29
Greek,Greek Yogurt Flip Smore Smore's Sweet Vanilla Low Fat,16
Greek,Greek Yogurt Honey Salted Caramel,3
Greek,Greek Yogurt Indulgent Raspberry,3
Greek,Greek Yogurt Mixed Berry Protein Chewy Bars,1
Greek,Greek Yogurt Peach & Chia,10
Greek,Greek Yogurt Ranch,1
Greek,Greek Yogurt Ranch Dip,1
Greek,Greek Yogurt Salted Caramel Crunch,1
Greek,Greek Yogurt Strawberry Protein Chewy Bars,2
Greek,Greek Yogurt Style Honey Strawberry,26
Greek,Greek Yogurt Style Nonfat Yogurt,25
Greek,Greek Yogurt Vanilla,13
Greek,Greek Yogurt Vanilla Honey,1
Greek,Greek and Chia Nonfat Red Berries Organic Yogurt,1
Greek,Greek-Style Feta Cheese Stuffed Olives,1
Greek,Honey Blended Whole Milk Greek Yogurt,1
Greek,Honey Greek Yogurt,306
Greek,Honey Lemon Greek Yogurt,1
Greek,Honey Pomegranate Greek Yogurt,1
Greek,Honey Vanilla Greek Yogurt,109
Greek,Humm! Greek Olives Hummus,3
Greek,Imported Golden Greek Peperoncini,20
Greek,Indulgent Banana & Dark Chocolate Greek Yogurt,1
Greek,Indulgent Mint & Dark Chocolate Greek Yogurt,2
Greek,Kalamata Sliced Greek Olives,15
Greek,Key Lime Oikos Greek Yogurt,13
Greek,Lemon Blended Non-Fat Greek Yogurt,84
Greek,Light & Fit Banana Cream Nonfat Greek Yogurt,8
Greek,Light & Fit Greek Blueberry Greek Yogurt,10
Greek,Light & Fit Greek Cherry Yogurt,59
Greek,Light & Fit Greek Crunch Coconut Chocolate Bliss,4
Greek,Light & Fit Greek Crunch Key Lime Pie,1
Greek,Light & Fit Greek Nonfat Yogurt Peach,9
Greek,Light & Fit Greek Raspberry Chocolate,1
Greek,Light & Fit Greek Vanilla Yogurt,16
Greek,Light & Fit Greek Yogurt,3
Greek,Light & Fit Greek Yogurt Toasted Coconut,15
Greek,"Light & Fit Greek Yogurt, Cherry",4
Greek,Light & Fit Lemon Meringue Greek Yogurt,1
Greek,Light & Fit Non Fat Blueberry Greek Yogurt,7
Greek,Light & Fit Strawberry Cheesecake Greek Nonfat Yogurt,11
Greek,Light & Fit Strawberry Greek Yogurt,9
Greek,Light & Fit Strawberry Non Fat Greek Yogurt,106
Greek,Light Greek Vinaigrette Dressing,3
Greek,Low Fat Key Lime Blended Greek Yogurt,92
Greek,Low Fat Peach Greek Yogurt Drink,1
Greek,Low-Fat Apricot on the Bottom Greek Yogurt,16
Greek,Low-Fat Mango on the Bottom Greek Yogurt,125
Greek,Low-Fat Strawberry Banana on the Bottom Greek Yogurt,152
Greek,Maple Greek Yogurt,14
Greek,Mediterranean Medley Greek Olives,1
Greek,Meze Chili Lime Greek Yogurt Dip,1
Greek,Meze Dip Three-Pepper Salsa Greek Yogurt,2
Greek,Mezé Smoked Onion Parmesan Greek Yogurt Dip,4
Greek,"Mighty 4 Essential Tots Spinach, Kiwi, Barley & Greek Yogurt Nutrition Blend",44
Greek,"Mighty 4 Kale, Strawberry, Amaranth & Greek Yogurt Tots Snack",62
Greek,Mighty 4 Purple Carrot Blackberry Quinoa & Greek Yogurt Tots Snack,46
Greek,"Mighty 4 Sweet Potato, Blueberry, Millet & Greek Yogurt Tots Snack",82
Greek,Mighty 4: Pumpkin Pomegranate Quinoa Greek Yogurt Nutrition Blend for Tots,15
Greek,Mint Chocolate Chip Frozen Greek Yogurt Bars,111
Greek,Mint Frozen Greek Yogurt Sandwiches,1
Greek,Mixed Berry Greek Yogurt,22
Greek,Non Fat Black Cherry on the Bottom Greek Yogurt,191
Greek,Non Fat Greek Yogurt,179
Greek,Non-Fat Blackberry on the Bottom Greek Yogurt,60
Greek,Non-Fat Blueberry on the Bottom Greek Yogurt,148
Greek,Non-Fat Greek Yogurt With Strawberries on the Bottom,216
Greek,Non-Fat Vanilla Blended Greek Yogurt,144
Greek,Nonfat Plain Greek Yogurt,24
Greek,Nonfat Strawberry Greek Yogurt,2
Greek,Nonfat Strawberry With Fruit On The Bottom Greek Yogurt,51
Greek,Nutri-Grain Strawberry Greek Yogurt Cereal Bars,1
Greek,Nutty for 'Nana Low-Fat Greek Yogurt,78
Greek,OPA Greek Yogurt Blue Cheese Dressing,1
Greek,OPA Greek Yogurt Ranch Dressing,7
Greek,Oats Ancient Grain Blend with Mixed Berry Low-Fat Greek Yogurt,3
Greek,Oats Apple Cinnamon Blended Low-Fat Greek Yogurt,5
Greek,Oats Banana Maple Blended Low-Fat Greek Yogurt,5
Greek,Oikios Chocolate Greek Frozen Yogurt,1
Greek,Oikos Blended Greek Nonfat Yogurt Triple Zero Plain,1
Greek,Oikos Fat Free Black Cherry Greek Yogurt,3
Greek,Oikos Fat Free Blueberry Greek Yogurt,13
Greek,Oikos Fat Free Strawberry Greek Yogurt,19
Greek,Oikos Fat Free Vanilla Greek Yogurt,75
Greek,Oikos Greek Frozen Yogurt Mint Chocolate Chip,2
Greek,Oikos Greek Nonfat Yogurt Crunch Key Lime Crumble,2
Greek,Oikos Greek Plain Fat Free Yogurt,48
Greek,Oikos Greek Vanilla Yogurt,59
Greek,Oikos Greek Yogurt Traditional Lemon Meringue,21
Greek,Oikos Key Lime Greek Yogurt,7
Greek,Oikos Traditional Cafe Latte Greek Yogurt,7
Greek,Oikos Triple Zero Greek Strawberry Yogurt,10
Greek,Oikos Triple Zero Greek Vanilla Yogurt Cups,24
Greek,Oikos Triple Zero Peach Greek Yogurt,2
Greek,Oikos Triple Zero Plain Greek Yogurt,2
Greek,Oikos Vanilla Nonfat Greek Yogurt,24
Greek,Opa Caesar Greek Yogurt Dressing,1
Greek,Opadipity Greek Yogurt Creamy Ranch Dip,3
Greek,Opadipity Greek Yogurt Cucumber Dill Dip,1
Greek,Orange Cream Traditional Oikos Greek Yogurt,5
Greek,Organic Blended Raspberry Whole Milk Greek Yogurt,96
Greek,Organic Fenugreek Seeds,4
Greek,Organic Grass Fed Greek Yogurt Peach,6
Greek,Organic Greek Blueberry Whole Milk,3
Greek,Organic Greek Fat Free Plain Yogurt,88
Greek,Organic Greek Lowfat Yogurt With Blueberries,194
Greek,Organic Greek Lowfat Yogurt With Cherries,147
Greek,Organic Greek Lowfat Yogurt With Strawberries,263
Greek,Organic Greek Nonfat Yogurt With Mixed Berries,263
Greek,Organic Greek Olive Mix,8
Greek,Organic Greek Plain Lowfat Yogurt,141
Greek,Organic Greek Plain Nonfat Yogurt,250
Greek,Organic Greek Plain Whole Milk Yogurt,1
Greek,Organic Greek Whole Milk Blended Strawberry Yogurt,150
Greek,Organic Greek Whole Milk Blended Vanilla Bean Yogurt,395
Greek,Organic Greek Whole Milk Yogurt Vanilla & Lavender,1
Greek,Organic Greek Yogurt Peach,9
Greek,Organic Ground Fenugreek,5
Greek,Organic Nonfat Greek Yogurt With Lemon,63
Greek,Organic Nonfat Greek Yogurt With Peaches,184
Greek,Organic Nonfat Greek Yogurt With Raspberries,89
Greek,Organic Plain Greek Whole Milk Yogurt,518
Greek,Organic Plain Greek Yogurt,14
Greek,Organic Plain Nonfat Greek Yogurt,64
Greek,Organic Strawberry Greek Yogurt,9
Greek,Organic Strawberry Whole Milk Greek Yogurt,9
Greek,"Organic Strawberry, Apple & Beet Greek Yogurt Baby Food ",1
Greek,Organic Vanilla Bean Greek Yogurt,23
Greek,Organic Vanilla Greek Nonfat Yogurt,36
Greek,Organic Whole Greek Olive Mix,1
Greek,Organic Whole Milk Plain Greek Yogurt,21
Greek,Otria Greek Yogurt Veggie Dip Cucumber Dill Feta,9
Greek,Otria Spinach Artichoke Greek Yogurt Veggie Dip,5
Greek,Passion Fruit On The Bottom Greek Yogurt,21
Greek,Peach 0% Fat Oikos Greek Yogurt,9
Greek,Peach Greek Yogurt,1
Greek,Peach Light & Fit Greek Yogurt,6
Greek,Peach on the Bottom Nonfat Greek Yogurt,309
Greek,Peachy Pistachio Greek Yogurt,23
Greek,"Peperoncini, Golden Greek",5
Greek,"Peperoncini, Greek, Sliced Golden",40
Greek,Peppercorn Ranch Greek Yogurt Dressing,2
Greek,Pineapple on the Bottom Greek Yogurt,113
Greek,Pineapple on the Bottom Low-Fat Greek Yogurt,2
Greek,Pitted Greek Kalamata Olives,49
Greek,Plain 0% Fat Oikos Greek Yogurt,21
Greek,Plain Grade A  0% Fat Greek Yogurt,5
Greek,Plain Greek Goat Yogurt,1
Greek,Plain Greek Nonfat Yogurt,17
Greek,Plain Greek Yogurt,486
Greek,Plain Non-Fat Greek Yogurt,253
Greek,Plenti Greek Apple Cinnamon Oatmeal with Yogurt,1
Greek,Plenti Greek Vanilla Yogurt,2
Greek,Pomegranate on the Bottom Non-Fat Greek Yogurt,73
Greek,Pumpkin Spice Blended Low-Fat Greek Yogurt,7
Greek,Raspberry Greek Yogurt,5
Greek,Raspberry Light & Fit Greek Yogurt,13
Greek,Raspberry Oikos Greek Yogurt,7
Greek,Raspberry on the Bottom Non-Fat Greek Yogurt,8
Greek,Raspberry on the Bottom Nonfat Greek Yogurt,176
Greek,Real Greek Feta Cup,1
Greek,Salted Caramel Greek Nonfat Yogurt,26
Greek,Sea Salt Caramel Frozen Greek Yogurt Bars,56
Greek,Simply 100 Black Cherry Blended  Non-Fat Greek Yogurt,14
Greek,Simply 100 Crunch Blueberry Cookie Crumble Non-Fat Greek Yogurt,26
Greek,Simply 100 Crunch Mango Cone Crisp Non-Fat Greek Yogurt,5
Greek,Simply 100 Crunch Strawberry Chocolate Truffle Non-Fat Greek Yogurt,30
Greek,Simply 100 Crunch Vanilla Coconut Macaron Yogurt Vanilla Non-Fat Greek Yogurt,5
Greek,Simply 100 Key Lime Blended Non-Fat Greek Yogurt,2
Greek,Simply 100 Mango Passion Fruit Blended Non-Fat Greek Yogurt,1
Greek,Simply 100 Mixed Red Berry Blended Non-Fat Greek Yogurt,1
Greek,Simply 100 Peach Blended  Non-Fat Greek Yogurt,24
Greek,Simply 100 Pineapple Blended Non-Fat Greek Yogurt,4
Greek,Simply 100 Raspberry Lemon Blended Non-Fat Greek Yogurt,7
Greek,Simply 100 Strawberry Blended Non-Fat Greek Yogurt,64
Greek,Simply 100 Vanilla Blended Non-Fat Greek Yogurt,13
Greek,Simply 100® Blueberry Blended Non-Fat Greek Yogurt,49
Greek,Sliced Kalamata Greek Olives,2
Greek,Special K Protein Greek Yogurt And Fruit Bar 4.76oz,2
Greek,"Stage 2 Cherry, Sweet Corn, and Greek Yogurt Baby Food",6
Greek,Stage 2 Green Bean Pear Greek Yogurt Baby Food,9
Greek,Stonyfield Organic Oikos Greek Lowfat Yogurt Pineapple on the Bottom,2
Greek,Strawberry 0% Fat Oikos Greek Yogurt,3
Greek,Strawberry Banana Fruit on the Bottom Nonfat Greek Yogurt,2
Greek,Strawberry Blended Non Fat Greek Yogurt,21
Greek,Strawberry Frozen Greek Yogurt Bars,23
Greek,Strawberry Greek 100 Calories Yogurt,38
Greek,Strawberry Greek Style Cultured Almond Milk,1
Greek,Strawberry Greek Yogurt Raisins,2
Greek,Strawberry Oikos Greek Yogurt,12
Greek,Strawberry on the Bottom Nonfat Greek Yogurt,282
Greek,Sweet Balanced Breaks Natural Cheddar Cheese Sea-Salted Roasted Almonds Raisins & Greek Yogurt Flavored Drops  Snacks,3
Greek,The Epic Seed Greek Yogurt Strawberry & Chia,6
Greek,The Greek Burrito,4
Greek,Toasted Coconut Greek Nonfat Yogurt Honey Oat Crisps Dippers,2
Greek,Toasted Coconut Vanilla Oikos Greek Yogurt,8
Greek,Toffee Crunch Frozen Greek Yogurt Bars,1
Greek,Total 0% All Natural Mango Guanabana Nonfat Greek Strained Yogurt,4
Greek,Total 0% All Natural Nonfat Plain Greek Strained Yogurt,1
Greek,Total 0% Blueberry Acai Greek Yogurt,188
Greek,Total 0% Greek Yogurt,1046
Greek,Total 0% Nonfat Greek Yogurt,993
Greek,Total 0% Nonfat Plain Greek Yogurt,660
Greek,Total 0% with Honey Nonfat Greek Strained Yogurt,384
Greek,Total 0% with Raspberry Nonfat Greek Strained Yogurt,7
Greek,Total 2% All Natural Greek Strained Yogurt with Honey,810
Greek,Total 2% All Natural Low Fat 2% Milkfat Greek Strained Yogurt,531
Greek,Total 2% All Natural Plain Greek Yogurt,638
Greek,Total 2% Cherry Lowfat Greek Strained Yogurt,2
Greek,Total 2% Greek Mixed Berries Yogurt,66
Greek,Total 2% Greek Strained Yogurt with Cherry 5.3 oz,648
Greek,Total 2% Greek Yogurt,1
Greek,Total 2% Lowfat Greek Strained Yogurt Blueberry - 4 PK,17
Greek,Total 2% Lowfat Greek Strained Yogurt With Blueberry,647
Greek,Total 2% Lowfat Greek Strained Yogurt with Peach,644
Greek,Total 2% Lowfat Greek Yogurt with Honey,26
Greek,Total 2% Lowfat Plain Greek Yogurt,628
Greek,Total 2% with Raspberry Pomegranate Lowfat Greek Strained Yogurt,85
Greek,Total 2% with Strawberry Lowfat Greek Strained Yogurt,973
Greek,Total Greek Strained Yogurt,951
Greek,Total Greek Strained Yogurt with Blueberry,24
Greek,Total Greek Yogurt With Honey,52
Greek,Total Plain Greek Strained Yogurt,214
Greek,Total with Cherry Greek Strained Yogurt,25
Greek,Total with Mango Greek Strained Yogurt,29
Greek,Tots Apple Whole Milk Greek Yogurt,3
Greek,Tots Greek Banana Pumpkin/Mango Spinch,7
Greek,Traditional Plain Greek Yogurt,250
Greek,Triple Zero Banana Cream Greek Yogurt,4
Greek,Triple Zero Banana Creme Oikos Greek Yogurt,16
Greek,Triple Zero Cherry Greek Yogurt,1
Greek,Triple Zero Chocolate Greek Yogurt,9
Greek,Triple Zero Coconut Creme Oikos Greek Yogurt,19
Greek,Triple Zero Coffee Greek Yogurt,3
Greek,Triple Zero Peach Oikos Greek Yogurt,5
Greek,Triple Zero Strawberry Oikos Greek Yogurt,18
Greek,Triple Zero Vanilla Oikos Greek Yogurt,26
Greek,"Triple Zero Vanilla, Blended Greek Nonfat Yogurt",19
Greek,Tzatziki Greek Strained Yogurt Dip Cucumber Garlic,14
Greek,Tzatziki Greek Yogurt Dip,15
Greek,Unsweetened Whole Milk Blueberry Greek Yogurt,86
Greek,Unsweetened Whole Milk Mixed Berry Greek Yogurt,83
Greek,Unsweetened Whole Milk Peach Greek Yogurt,94
Greek,Vanilla Blended Non-Fat Greek Yogurt,3
Greek,Vanilla Blended Whole Milk Greek Yogurt,1
Greek,Vanilla Frozen Greek Yogurt Sandwiches,1
Greek,Vanilla Greek Yogurt,21
Greek,Vanilla Greek Yogurt 0% Fat,91
Greek,Vanilla Light & Fit Greek Yogurt,180
Greek,Watermelon/Mixed Berry Variety Pack Low-Fat Greek Yogurt,10
Greek,Whole Greek Kalamata Olives,1
Greek,Whole Milk Blended Cherry Greek Yogurt,22
Greek,Whole Milk Greek Blended Vanilla Bean Yogurt,170
Greek,Whole Milk Greek Plain,41
Greek,Whole Milk Plain Greek Yogurt,109
Greek,"Yogurt, Greek Style, Honey Peach",1
Greek,"Yogurt, Greek, Reduced Fat, Vanilla Cinnamon Orange Flavored",1
Greek,"Yogurt, Greek, Traditional, Honey Flavored",3
Greek,Yopa! Greek Nonfat Yogurt With Lowfat Granola & Strawberries,1
Hungarian,Hot Hungarian Paprika,1
Hungarian,Hungarian Hot Paprika,1
Hungarian,Sweet Hungarian Paprika,5
Icelandic,Icelandic Style Cream-Skyr 2% Milkfat Strained Low-Fat Yogurt Vanilla & Cardamon,23
Icelandic,Icelandic Style Cream-Skyr 4% Milkfat Strained Whole-Milk Yogurt Mango,58
Icelandic,Icelandic Style Fat Free Plain Yogurt,273
Icelandic,Icelandic Style Skyr 0% Milkfat Strained Non-Fat Yogurt Pomegranate & Passion Fruit,16
Icelandic,Icelandic Style Skyr Blueberry Non-fat Yogurt,705
Icelandic,Icelandic Style Skyr Non-Fat Strained Plain Yogurt,128
Icelandic,Icelandic Style Skyr Strained Non-Fat Yogurt Pomegranate & Passion Fruit,2
Icelandic,Icelandic Vanilla Yogurt,5
Icelandic,Icelandic White Ale 6 Pack,10
Icelandic,Mixed Berries Whole Milk Icelandic Style Skyr Yogurt,284
Icelandic,Non-Fat Strawberry Icelandic Yogurt,4
Icelandic,Nonfat Icelandic Style Strawberry Yogurt,362
Icelandic,Organic Black Cherry and Chia Icelandic Yogurt,2
Icelandic,Organic Icelandic Coconut Yogurt,7
Icelandic,Organic Icelandic Key Lime Yogurt,13
Icelandic,Organic Icelandic Strawberry Yogurt,5
Icelandic,"Organic Icelandic, Nonfat, Blueberry Yogurt",3
Icelandic,"Organic Icelandic, Whole Milk, Vanilla Yogurt",15
Icelandic,Organic Peach Icelandic Nonfat Yogurt,2
Icelandic,Organic Pure Icelandic Nonfat Yogurt,3
Icelandic,Plain Icelandic Style Skyr 4% milkfat Yogurt,7
Icelandic,Strained Non-Fat Strawberry Icelandic Style Skyr Yogurt,129
Icelandic,"Yogurt, Organic Icelandic, Nonfat, Vanilla",12
Indonesian,Raw Indonesian Creamy Cashews,2
Indonesian,Whole Milk Yogurt Organic Indonesian Vanilla Bean,49
Irish,All-Natural Irish Style Oatmeal,2
Irish,Apples & Cinnamon Instant Irish Oatmeal,2
Irish,Decaffeinated Irish Breakfast Tea Bags,9
Irish,"Instant, Irish Oatmeal, Maple & Brown Sugar",21
Irish,Irish Aged Cheddar Cheese,77
Irish,Irish Breakfast,31
Irish,Irish Breakfast Black Tea,1
Irish,Irish Breakfast Tea Bags,5
Irish,Irish Creme Cafe Gourmet Coffee Creamer,3
Irish,"Irish Instant Oatmeal, Variety Pack",4
Irish,Irish Oatmeal,1
Irish,Irish Soda Bread,2
Irish,Irish Spring Icy Blast Antiperspirant Deodorant,1
Irish,Irish Steel Cut Oatmeal,3
Irish,Irish Whiskey,25
Irish,Irish Whiskey Ireland,16
Irish,Non Alcoholic The Original Irish Cream Coffee Creamer,9
Irish,Organic Irish Breakfast Black Tea,2
Irish,Original Irish Cider,2
Irish,Pure Irish Butter,1476
Irish,Quick & Easy Steel Cut Irish Oatmeal,30
Irish,Quick Cooking Rolled Oats Irish Oatmeal,87
Irish,Reduced Fat Irish Butter,79
Irish,Regular Instant Irish Oatmeal,3
Irish,Steel Cut Irish Oatmeal,77
Irish,"Tea, Irish Breakfast",5
Irish,The Original Irish Cream Liqueur,1
Irish,The Original Irish Creme Liquer,23
Irish,Triple Distilled Irish Whiskey,1
Irish,Unsalted Pure Irish Butter,736
Italian,3 Cheese Italian Freshly Shredded Cheese,1
Italian,5 Italian Cheese Pizza Brick Oven Crust,10
Italian,6 Cheese Italian Shredded Cheese,7
Italian,Abruzzese Italian Meatball,5
Italian,Angel Hair Marinara Savory Italian Recipes,5
Italian,Arnold Italian Crustini Rolls,3
Italian,Arrabbiata Tomato & Red Pepper Italian Pasta Sauce,13
Italian,Asparagus & Aged Italian Cheese Cappellacci,2
Italian,Beef Meatballs In Slow Cooked Italian Sauce,1
Italian,Bianco D'oro Italian Dry Salame,3
Italian,Blood Orange Italian Soda,173
Italian,Bold & Spicy Italian Style Pasta Sauce,1
Italian,Boss Hog Italian Sausage Pizza,6
Italian,"Bread Crumbs, Italian",2
Italian,"Bread Crumbs, Italian Style, with Imported Romano Cheese",1
Italian,"Bread Crumbs, Panko, Seasoned Italian Style",2
Italian,"Bruschetta, with Italian Basil",1
Italian,Calabrese uncured italian Salami  with pepper and paprika,18
Italian,Cheesy Italian Shells Hamburger Helper,3
Italian,Chef Blends Shredded 6 Cheese Italian,5
Italian,Cherry Real Italian Ice,4
Italian,Chicken Sausage 3 Cheese Italian Style,7
Italian,Chop Italian Bistro Bowl,1
Italian,Chopped Salad Bowl Italian Salad with Salami & Turkey,2
Italian,Chunky Garden Combo Italian Sauce,10
Italian,Chunky Garden Tomato Onion & Garlic Italian Sauce,5
Italian,Classic Italian Grated Parmesan,1
Italian,Classic Italian Style Basil Pesto,3
Italian,Classic Italian Style Meatballs,7
Italian,Classics Lasagna Italiano,5
Italian,Cooked Classic Italian Sausage,18
Italian,Cooked Spicy Italian Sausage,23
Italian,Creamy Garlic Shells Italian Sides,5
Italian,Creamy Italian Garlic Dressing,3
Italian,Creamy Vodka Italian Sauce,4
Italian,Crushed Italian Recipe with Oregano & Basil Tomatoes,4
Italian,Cut Italian Green Beans,2
Italian,Dark Italian Roast Coffee,9
Italian,Dark Italian Roast Ground Coffee,18
Italian,Deep Italian Roast Whole Bean Coffee,3
Italian,Drews Classic Italian Vinaigrette Dressing,4
Italian,Espresso Italian Roast Coffee,5
Italian,Fair Trade Organic Sweet Italian Coffee,2
Italian,Family Recipe Italian Dressing,34
Italian,Fancy Shredded Cheese Italian Blend,44
Italian,Fat Free Italian Dressing,1
Italian,Fat Free Italian Salad Dressing,2
Italian,Fettucini Alfredo Savory Italian Recipes,18
Italian,Flavored with Meat Italian Sauce,36
Italian,Fresh Crumbled Italian Blue Gorgonzola Cheese,6
Italian,Fresh Stack Italian Herb,1
Italian,"Freshly made pasta layered with seasoned meat sauce, tomato sauce and Real low-fat Ricotta cheese Lasagna Italiano",13
Italian,Fully Cooked Calabrese Italian Pork Sausage,4
Italian,"Giardiniera, Italian Mix",2
Italian,Gluten Free Wheat Free Italian Breadsticks,1
Italian,Gourmet Cut Italian Croutons,1
Italian,Grilled Italian Style Carved Chicken Breast,2
Italian,"Grilled white meat chicken over cheese tortellini with Italian green beans, red bell peppers, and yellow carrots Creamy Basil Chicken with Tortellini",5
Italian,Ground Hot Italian Sausage,2
Italian,Hamburger Helper Italian Four Cheese Lasagna,8
Italian,Heart Healthy Italian-Style Wedding Meatballs Soup,1
Italian,Heart Smart Traditional Italian Sauce,14
Italian,Home Style Italian-Style Wedding Spinach & Meatballs Chicken Soup,3
Italian,"Hot (101305, 101352) Italian Sausage",47
Italian,Hot Italian Chicken Sausage,16
Italian,Hot Italian Sausage,33
Italian,"Hot Italian, Lean Turkey Sausage",37
Italian,House Italian,1
Italian,Imported Italian Peeled Tomatoes,6
Italian,Imported Italian Solid Light Tuna In Pure Olive Oil,1
Italian,Italian All Natural Salad Dressing & Recipe Mix,1
Italian,Italian Arborio Rice,1
Italian,Italian Batard,37
Italian,Italian Blend Fancy Shredded Cheese,1
Italian,Italian Blend Salad,2
Italian,Italian Blend Shredded Cheese,36
Italian,Italian Bread,41
Italian,Italian Bread Crumbs,59
Italian,Italian Bread Unseeded,2
Italian,Italian Bread With Sesame Seeds,12
Italian,Italian Castelvetrano Whole Green Olives,23
Italian,Italian Chopped Salad,6
Italian,Italian Chopped Salad Kit,2
Italian,Italian Chopped Tomatoes,4
Italian,Italian Deli Slices,17
Italian,Italian Dill Pickle Chips,23
Italian,Italian Dill Spears Hot,32
Italian,Italian Dressing,37
Italian,Italian Dressing & Marinade,4
Italian,Italian Dressing & Marinade With Extra Virgin Olive Oil,1
Italian,Italian Dry Salame,191
Italian,Italian Dry Salami,1
Italian,Italian Entrees Marinara Penne Pasta,8
Italian,Italian Extra Virgin Olive Oil,579
Italian,Italian Five Cheese Shredded Cheese,6
Italian,"Italian Formaggio Tomato, Ricotta & Parmigiano Reggiano Pasta Sauce",3
Italian,Italian Four Cheese Baked Snack Crackers,6
Italian,Italian Garlic Paste,2
Italian,Italian Green Beans,1
Italian,"Italian Ground Turkey, Lean",29
Italian,Italian Herb Flatbread Wraps,5
Italian,Italian Herb Porcini Mushrooms Chicken Sausage,16
Italian,Italian Herb Seasoning,1
Italian,Italian Herb Seasoning Grinder,2
Italian,Italian Herb Spaghetti Sauce Mix,1
Italian,Italian Herbs & Olive Oil Mozzarella Stix,14
Italian,Italian Herbs Organic Croutons,2
Italian,Italian Kitchen Red Wine Vinegar,19
Italian,Italian Lemon Juice,6
Italian,Italian Lemon Juice Not From Concentrate,2
Italian,Italian Lentil Soup w/ Fresh Tomato,1
Italian,Italian Meat Sauce,6
Italian,Italian Meatballs,10
Italian,Italian Mix Giardiniera Peppers,7
Italian,Italian Olive Antipasto,1
Italian,Italian Parmesan Cheese Risotto,2
Italian,Italian Parsley,32
Italian,Italian Pasta Salad,8
Italian,"Italian Pasta Sauce Basilico Tomato, Basil & Garlic",23
Italian,Italian Pasta Sauce Puttanesca Tomato & Sliced Olives,21
Italian,Italian Pearled Farro,22
Italian,Italian Peeled Tomatoes,6
Italian,Italian Pizza Crust Original 12oz,26
Italian,Italian Pork Sausage,1
Italian,Italian Red Wine Vinegar,5
Italian,Italian Roast Coffee K-Cups,6
Italian,Italian Round Loaf,13
Italian,Italian Salad Blend,71
Italian,Italian Salad Dressing,5
Italian,Italian Salad Dressing & Recipe Mix,25
Italian,Italian Sauce Flavored With Meat,6
Italian,Italian Sausage,112
Italian,Italian Sausage & Peppers Pasta Sauce,1
Italian,Italian Sausage & Rigatoni Classic Meal for 2,14
Italian,Italian Sausage & Rigatoni Pasta,3
Italian,Italian Sausage Pizza,86
Italian,Italian Sausage and Garlic Meat Sauce,15
Italian,Italian Seasoned Whole Grain Bread Crumbs,2
Italian,Italian Seasoning,24
Italian,Italian Seitan,12
Italian,Italian Sides Four Cheese Pasta,2
Italian,Italian Six Cheese Blend,3
Italian,Italian Sliced Bread,30
Italian,Italian Sparkling Mineral Water,1132
Italian,Italian Sparkling Pomegranate And Orange Soda,85
Italian,Italian Squash,43
Italian,Italian Style Beef Seasoned Gravy & Premium Thin Sliced Seasoned Roast Beef,1
Italian,Italian Style Boneless Skinless Chicken Breasts,4
Italian,Italian Style Bread Crumbs,20
Italian,Italian Style Breadcrumbs,1
Italian,Italian Style Chicken Meatballs with Mozarella Cheese,41
Italian,Italian Style Favorites Chicken Parmesan (White Meat Chicken and Tomatoes with Mozzarella Cheese Over a Marinara Sauce) Pizza,4
Italian,"Italian Style Favorites Meat Trio (Italian Sausage, Genoa Salami, and Pepperoni with Mozzarella Cheese over a Marinara Sauce)",3
Italian,Italian Style Favorites Meatball Marinara Pizza,1
Italian,Italian Style Meat Trio Pizza,2
Italian,Italian Style Meatballs,23
Italian,Italian Style Meatballs & Mozzarella Frozen Sandwiches,2
Italian,Italian Style Meatballs & Mozzarella Sandwiches,23
Italian,Italian Style Meatballs & Mozzarella Seasoned Crust,36
Italian,Italian Style Panko Breadcrumbs,6
Italian,Italian Style Roast Beef,4
Italian,Italian Style Roasted Peppers,9
Italian,Italian Style Seasoned Bread Crumbs,5
Italian,Italian Style Shredded Parmesan Cheese,10
Italian,Italian Style Smoked Chicken Sausage With Mozzarella Cheese,49
Italian,Italian Style Sub Sandwich Kit,8
Italian,Italian Style Turkey Meatballs,6
Italian,Italian Style Vegetables,2
Italian,Italian Style Veggie Protein Smart Sausages,10
Italian,Italian Style Wedding With Meatballs & Spinach Soup,10
Italian,Italian Style Whole Peeled Tomatoes With Basil Leaf,5
Italian,Italian Style Wrap,1
Italian,Italian Sweet Creme Creamer,18
Italian,Italian Tomatoes Chopped,1
Italian,Italian Vinaigrette Dressing,10
Italian,Italian With Aged Romano Dressing,2
Italian,Italian Zesty Dressing,29
Italian,Italian Zesty Fat Free Dressing,12
Italian,Italian-Style Entrees Tomato & Basil Penne,6
Italian,Italian-Style Entrées Meat Sauce Gemelli Pasta,2
Italian,Italian-Style Pasta Bake,2
Italian,Italiano Tomato Sauce,1
Italian,Just Italian Dressing,4
Italian,Kosher Italian Style Freshly Shaved Parmesan and Asiago Cheese,5
Italian,Lasagna Florentine Savory Italian Recipes,7
Italian,Lasagna Italiano,4
Italian,Lean Sweet Italian Turkey Sausage,33
Italian,Lemon Italian Sparkling Mineral Water,105
Italian,Lemon Real Italian Ice,17
Italian,Lemon and Strawberry Real Italian Ice,13
Italian,Light & Lean Italian Vegetable Pizza,2
Italian,Light & Lean Spaghetti Italiano with Meatless Meatballs,96
Italian,Light Italian Bread,7
Italian,Light Italian Dressing,39
Italian,Light Italian Dry Salame,20
Italian,Light Italian Dry Salame Slices,2
Italian,Light Italian Hamburger Buns,3
Italian,Light Italian Style Meatball Soup,5
Italian,Light Italian Style Vegetable Soup,1
Italian,Lime Italian Sparkling Mineral Water,130
Italian,Lite Italian Dressing,20
Italian,Lite Italian Dry Salame,15
Italian,Lite Italian House Dressing,2
Italian,Lite Zesty Italian w/ Extra Virgin Olive Oil Dressing,4
Italian,Long Italian Baguette,6
Italian,Low Fat Italiano Dressing,3
Italian,Mambo Italiano Italian Combination Pizza,1
Italian,Marinara Italian Sauce,24
Italian,"Marinara, Delicate, Italian Plum Tomato",1
Italian,Meat Creations Sweet Italian Sausage & Cheese Pasta Sauce,1
Italian,Meatballs Italian,4
Italian,Meatballs Italian Style,9
Italian,"Mediterranean Blend, Italian Sunflower & Extra Virgin Olive Oil",1
Italian,Mielbio Italian Honey Acacia Raw,1
Italian,Mild Italian Chicken Sausage,205
Italian,Mild Italian Sausage,75
Italian,"Mini 8\"" Italian Pizza Crusts",46
Italian,Mini Italian Eggplant,29
Italian,Mushroom Italian Sauce,5
Italian,Natural Tuscany Italian Dressing,8
Italian,Old World Flat Breads Crispy Italian Thin Pizza Crust,1
Italian,Old World Flatbreads Italian Herb Pizza Crust,1
Italian,Olde Venice Italian Dressing,5
Italian,Olive Oil Vinaigrettes Italian Dressing,1
Italian,Organic Bake At Home Italian Bread,2
Italian,Organic Country Italian Artisan Bread,4
Italian,Organic Diced Tomatoes with Italian Herbs,65
Italian,Organic Hot Italian Chicken Sausage,22
Italian,Organic Italian Balsamic Vinegar,6
Italian,Organic Italian Bread Crumbs,12
Italian,Organic Italian Dressing,91
Italian,Organic Italian Herb Pasta Sauce,173
Italian,Organic Italian Parsley,17
Italian,Organic Italian Parsley Bunch,2400
Italian,Organic Italian Peeled Tomatoes,4
Italian,Organic Italian Salad,450
Italian,Organic Italian Seasoning,8
Italian,Organic Italian Vegetables and Beans Soup,5
Italian,Organic Italian Vinaigrette,1
Italian,Organic Italian Volcano Lemon Juice,1
Italian,Organic Italian Whole Peeled Tomatoes,22
Italian,Organic Microgreens Italian,7
Italian,Organic Montebello Conchiglie Italian Pasta,2
Italian,Organic Montebello Fusilli Italian Pasta,7
Italian,Organic Montebello Linguine Italian Pasta,1
Italian,Organic Montebello Orecchiette Italian Pasta,6
Italian,Organic Montebello Penne Rigate Italian Pasta,1
Italian,Organic Montebello Spaghetti Italian Pasta,6
Italian,Organic Montebello Tagliatelle Italian Pasta,4
Italian,Organic Montebello Whole Wheat Spaghetti Italian Pasta,2
Italian,Organic Sweet Italian Chicken Sausage,28
Italian,Original Artisan Italian Pizza Crust,5
Italian,Overstuffed Italian Sausage Ravioli,3
Italian,Pancetta Italian Style Dry Cured Bacon,2
Italian,Pane Turano Italian Bread,22
Italian,Panko Italian Style Crispy Bread Crumbs,16
Italian,Parsley Italian Dark Green Flat,3
Italian,"Parsley, Italian (Flat), New England Grown",382
Italian,Peeled Italian Plum Tomatoes,11
Italian,Pepperoni & Italian Style Cheese Brick Oven Crust Pizza,6
Italian,Pepperoni Italian Style,1
Italian,Perfect Pinch Italian Seasoning,24
Italian,"Pizza, Italiano, Meatless Italian Sausage & Mushroom",23
Italian,"Polenta, Organic, Traditional Italian",71
Italian,Pomegranate Italian Soda,51
Italian,Premium Italian Bread,202
Italian,Premium Italian Seasoned Croutons,11
Italian,"Provolone Cheese & Italian Dry Salame, Deli Thin Sliced, Snack Pack",13
Italian,Quinoa Burgers Spicy Italian - 4 CT,1
Italian,"Ravioli, Italian Sausage",6
Italian,Ready Cut Italian Recipe Diced Tomatoes,3
Italian,Ready Meals Marinara & Italian Sausage Rotini,3
Italian,"Red Wine Vinegar, Italian",1
Italian,Reduced Fat 2% Milk 4 Cheese Italian Cheese Shredded,5
Italian,Restaurant Recipe Italian Dressing,1
Italian,Rich & Hearty Minestrone with Italian Sausage,2
Italian,Rich & Hearty Tomato Florentine with Italian Sausage Soup,5
Italian,Rising Crust Italian Sausage Pizza,11
Italian,Rising Crust Spicy Italian Sausage Pizza,2
Italian,Risotto all Milanese with Italian Arborio Rice with Saffron,1
Italian,Ristorante Italiano Garlic Parmesan Vinaigrette Dressing,1
Italian,Roasted Garlic & Italian Herb Breaded Fish Fillets,2
Italian,Roasted Garlic Herb Italian Sauce,24
Italian,Roasted Garlic Parmesan Italian Pasta Sauce,4
Italian,Robusto Italian Dressing,1
Italian,Robusto Italian Salad Dressing,5
Italian,Rustic Italian Vegetable Soup,25
Italian,"Salame, Italian Dry",110
Italian,"Salami, Italian Dry",1
Italian,"Salami, Italian Dry, Black Pepper Coated",1
Italian,Sauce with Italian Herbs,8
Italian,Seasoned Italian Style Bread Crumbs,9
Italian,"Seasoning, Italian",63
Italian,Seeded Italian Bread,1
Italian,Seeded Italian Enriched Bread,2
Italian,Selects Italian Herb Uncured Cooked Sausage,2
Italian,Shredded Italian Five Cheese Blend,19
Italian,Signature Italian Dressing,12
Italian,Special Recipe Italian Bread,7
Italian,Spicy Italian Sausage Rising Crust Pizza,1
Italian,Spicy Italian Uncured Sausage,23
Italian,Star Wars Italian Sweet Creme Creamer,101
Italian,Steakhouse Lite Northern Italian Dressing,8
Italian,Steamfresh Protein Italian Style,6
Italian,Stewed Italian Recipe Tomatoes,6
Italian,Stewed Tomatoes Italian Recipe,4
Italian,Strawberry & Watermelon Premium Italian Ice,7
Italian,Suddenly Pasta Salad Creamy Italian,1
Italian,Sugar Free Italian Sweet Creme Coffee Creamer,43
Italian,Sun Dried Tomatoes with Italian Herbs,4
Italian,Sweet Italian Chicken Sausage,123
Italian,Sweet Italian Pork Sausage,24
Italian,Sweet Italian Sasuage,22
Italian,Sweet Italian Sausage,72
Italian,Sweet Italian Style Chicken Sausage,10
Italian,Thick Cut Italian 7-Herb Blend Crispbreads,1
Italian,Thin Crust Cheese Pizza Savory Italian Recipes,3
Italian,Thins Light & Tasty Snack Crackers Italian Herb,2
Italian,Three Cheese Italian Sauce,24
Italian,Tomato Basil Garlic Italian Sauce,40
Italian,Tomato Paste with Italian Herbs,9
Italian,Town House Italian Herb Flatbread Crisps,2
Italian,Traditional Favorites Italian Sausage with Peppers & Onions Pasta Sauce,14
Italian,Traditional Italian Polenta,2
Italian,Traditional Italian Sauce,155
Italian,Traditional Italian-Style Wedding Soup,52
Italian,Traditional Lasagna with Meat Sauce Savory Italian Recipes,15
Italian,Tuscan House Italian Dressing & Marinade,3
Italian,Udis Gluten Free Italian Sausage Lasagna,15
Italian,Ultra Thin Crust Spicy Italian Sausage Pizza,1
Italian,Uncured Italian Dry Salami,84
Italian,Uncurred Hot Italian Salami,1
Italian,"Vegan Meatballs, Zesty Italian",7
Italian,Vegetarian Grain Meat Sausages Italian - 4 CT,98
Italian,Vermont Spicy Italian Pork Stick,6
Italian,Via Italian Roast Decaf Coffee,3
Italian,Via Italian Roast Instant Coffee,19
Italian,Viva Italian Dressing,1
Italian,White Clam Italian Style Pasta Sauce,1
Italian,White Italian Bread,75
Italian,"With seasoned meat sauce, tomato sauce & real low fat ricotta cheese Lasagna Italiano",4
Italian,Zesty Italian Dressing,3
Italian,Zesty Italian Dressing & Recipe Mix,1
Italian,Zesty Italian Salad Dressing & Recipe Mix,1
Japanese,Authentic Japanese-Style Tofu Nigari Firm,3
Japanese,Chicken Flavor Japanese Style Udon Noodles With Soup Base,1
Japanese,Dark Japanese Style Soy Sauce,2
Japanese,Japanese Eggplant,11
Japanese,Japanese Green Tea Bags With Real Matcha,3
Japanese,Japanese Style Extra Crispy Tempura Batter Mix,3
Japanese,Japanese Style Noodles & Chicken Flavored Sauce,13
Japanese,Japanese Style Panko Seasoned Bread Crumbs,3
Japanese,Japanese Style Rice Crackers,1
Japanese,Japanese Style Stir Fry Vegetables,3
Japanese,Japanese Udon Noodles,3
Japanese,"Noodles, Udon, Japanese",8
Japanese,Organic Teas Premium Japanese Green - 16 CT,10
Japanese,Organic Udon Japanese Wheat Noodles,56
Japanese,Panko Japanese Style Bread Crumbs,7
Japanese,Panko Japanese-Style Bread Crumbs,2
Japanese,Sencha Shot Japanese Green Tea,21
Japanese,Sushi Chef Traditional Japanese Style Mirin Sweetened Sake,7
Japanese,Sweet Matcha Japanese Green Tea,8
Japanese,Yakisoba Spicy Chicken Flavor Home Style Japanese Noodles,4
Japanese,Yakisoba Teriyaki Beef Japanese Noodles,9
Korean,Crunchy Chickpeas Korean BBQ,8
Korean,Gochugaru Korean Chili Flakes,3
Korean,Gochujang Vegan Korean Chili Sauce,1
Korean,Korean BBQ Sauce,1
Korean,Korean Barbecue Pork Jerky,1
Korean,Korean Gochujang Sauce,1
Korean,Korean Kimchi,20
Korean,Korean Stir Fry Simmer Sauce,5
Korean,Korean Style Beef,1
Korean,Korean Sweet Chili Noodle Bowl,8
Korean,Korean Teriyaki Stir-Fry Sauce,1
Korean,Marketplace Sweet and Spicy Korean Style Beef,13
Korean,Organic Korean BBQ Seitan,3
Korean,Original Korean BBQ Sauce & Marinade,5
Korean,Spicy Korean BBQ Marinade,4
Lithuanian,All Natural Lithuanian Rye Bread,3
Malay,Avocado Oil Himalayan Salt Chips,83
Malay,Grinder Himalayan Salt Pink,29
Malay,Himalayan Fine Pink Salt,27
Malay,Himalayan Pink Salt,65
Malay,Himalayan Pink Salt Grinder,5
Malay,Himalayan Pink Salt Liquid Hand Soap,3
Malay,Himalayan Pink Sea Salt Organic Brown Rice Chips,2
Malay,Himalayan Raw Acacia Honey,8
Malay,Himalayan Salted Ghee,22
Malay,"Lentil Chips, Himalayan Pink Salt",44
Malay,Organic Himalayan Black Tea,1
Malay,Organic Himalayan Pink Popcorn,70
Malay,Organic Himalayan Raw White Honey,11
Malay,Organic Himalayan Sweetness Popcorn,34
Malay,Pink Himalayan Crystal Salt Caramel Bar,4
Malay,Pink Himalayan Salt Mill,3
Malay,Potato Chips w/ Himalayan Pink Salt,3
Malay,Primordial Himalayan Sea Salt,37
Malay,Refillable Primordial Himalayan Sea Salt Grinder,21
Maltese,Maltesers,1
Mandarin,Citrus Mandarins Organic,593
Mandarin,Even & Bright Pink Lemon and Mandarin Orange Body Wash,1
Mandarin,Fruit Naturals Mandarin Oranges In Extra Light Syrup,2
Mandarin,Fruit Refreshers Mandarin Oranges in Slightly Sweetened Coconut Water Fruit Cups,1
Mandarin,Golden Nugget Mandarin,6
Mandarin,Halos Mandarin Oranges,5
Mandarin,Harvest Best in 100% Fruit Juice Mandarin Oranges,31
Mandarin,Mandarin,5
Mandarin,Mandarin Clementine,104
Mandarin,Mandarin Clementine  Bag,130
Mandarin,Mandarin Lime Soda,6
Mandarin,Mandarin Lime Sparkling Water Beverage,9
Mandarin,Mandarin Liquid Hand Soap,18
Mandarin,Mandarin Mango Refreshing Body Wash,3
Mandarin,Mandarin Orange & Grapefruit Hand Wash 12 oz,26
Mandarin,Mandarin Orange Chicken,28
Mandarin,Mandarin Orange Crispy Chick'n,116
Mandarin,Mandarin Orange Essence Sparkling Natural Spring Water,24
Mandarin,Mandarin Orange Kiwi,1
Mandarin,Mandarin Orange Segments in Light Syrup,9
Mandarin,Mandarin Orange Sparkling  Water,26
Mandarin,Mandarin Orange Sparkling Natural Spring Water,53
Mandarin,Mandarin Orange Sparkling Seltzer Water,8
Mandarin,Mandarin Orange Sparkling Water,22
Mandarin,Mandarin Orange in 100% Fruit Juice,79
Mandarin,Mandarin Orange with Electrolytes & Vitamins Water Beverage,8
Mandarin,Mandarin Oranges,489
Mandarin,Mandarin Oranges In Light Syrup,12
Mandarin,Mandarin Oranges in Light Syrup,50
Mandarin,Mandarin Oranges in Light Syrup Fruit,2
Mandarin,Mandarin Oranges in Light Syrup Fruit Cups,26
Mandarin,Mandarin Oranges in Water Sweetened with Monk Fruit Concentrate,7
Mandarin,Mandarin Soda,1
Mandarin,Mandarin Soda Pop,3
Mandarin,Mandarin Teriyaki Sauce,3
Mandarin,Mandarin and Seville Orange Jigger,1
Mandarin,Mandarins,11
Mandarin,Mandarins Bag,252
Mandarin,Mandarins in Orange Gel Fruit Bowls,6
Mandarin,Natural Cane Mandarin Lime Soda,6
Mandarin,No Sugar Added Diced Peaches-Diced Pears & Mandarin Oranges Fruit,4
Mandarin,No Sugar Added Mandarin Oranges in Artificially Sweetened Water,34
Mandarin,No Sugar Added Mandarin Oranges in Water,17
Mandarin,Organic Ginseng Mandarin Tonic,5
Mandarin,Organic Mandarins,185
Mandarin,Organic Satsuma Mandarin,8
Mandarin,Pink Lemon and Mandarin Orange Scrub,2
Mandarin,Saucy Ginger Mandarin Dressing,6
Mandarin,Sesame Ginger with Mandarin Orange Juice Marinade,7
Mandarin,Splash Mandarin Orange Flavored Water,1
Mandarin,Sumo Mandarin,12
Mandarin,"Sunny Outlook Bath Salts Mandarin, Lemon & Ginger",2
Mandarin,Whole Segments Mandarin Oranges In Light Syrup,2
Norwegian,Hand Cream Fragrance Free Norwegian Formula,6
Norwegian,Norwegian Gold Kids DHA Chewables Fruit Punch Flavor,1
Norwegian,Norwegian Salmon Oil Omega-3s EPA & DHA Dietary Supplement Soft Gels 1000 mg,1
Norwegian,Smoked Norwegian Salmon,1
Persian,Baby Persian Cucumbers,45
Persian,Organic Persian Cucumber,80
Persian,Organic Persian Cucumbers,4
Persian,Persian (Armenian) Cucumber,66
Persian,Persian Lime Miracle Tart,21
Persian,Persian Pickle Cucumbers,4
Persian,Persian Rose Votive Candle,4
Persian,Sweet baby Cukes Persian Cucumbers,2
Polish,Advance Revival Nail Polish Remover,1
Polish,Advanced Surface Cleaner & Polish,1
Polish,Apple Orchard Scented Daily Granite Polish,10
Polish,Beef Polish Sausage,16
Polish,"Cleaner & Polish, Stainless Steel",3
Polish,Cleanser & Polish,11
Polish,Favor Brilliant Shine Furniture Polish,1
Polish,Furniture Polish,5
Polish,Granite Cleaner And Polish,2
Polish,Hardwood Floor Polish,2
Polish,Hardwood High Gloss Floor Polish,4
Polish,JV Polish Kielbasa Sausage,3
Polish,Lemon Furniture Polish,7
Polish,Lemon Oil Furniture/Wooden Surface Cleaner/Polish,2
Polish,Multi-Purpose Household Cleanser & Polish,14
Polish,Nail Polish Remover,16
Polish,Non Acetone Nail Polish Remover,3
Polish,Polish Beef Sausage,1
Polish,Polish Kielbasa,3
Polish,Polish Kielbasa (100869) Smoked & Cooked,1
Polish,Polish Kilbasa,2
Polish,Polish Sausage,3
Polish,"Polish, Silver, Bottle",1
Polish,Regular Nail Polish Remover,4
Polish,"Sausage, Kielbasa, Polish",3
Polish,Silver Polish,2
Polish,Sliced Polish Ham,6
Polish,Smoked Polish Sausage,3
Polish,Stainless Steel Cleaner and Polish,20
Polish,Strengthening Nail Polish Remover,4
Polish,Wood for Good Almond Scented Polish,25
Portuguese,Light Smoked Portuguese Sardines in Tomato Sauce,6
Portuguese,Lightly Smoked Portuguese Sardines in Cayenne Pepper with Extra Virgin Olive Oil,13
Portuguese,Portuguese Sardines In Spring Water,1
Punjabi,Hot Punjabi Mix,2
Punjabi,Punjabi Chhole Chickpeas with Potatoes & Onions,1
Punjabi,"Punjabi Chhole, Hot Spicy",2
Russian,Just Crisps Russian Rye,1
Russian,Lowfat 2% Milkfat Russian Yogurt,10
Russian,Organic Russian Banana Fingerling Potato,27
Russian,Organic Russian Banana Fingerling Potatoes,5
Russian,Russian Dressing,3
Russian,"Russian Lowfat Yogurt, 2% Milkfat",6
Russian,Russian River Pinot Noir,1
Russian,Russian River Pinot Noir Wine,1
Russian,Russian River Valley Sauvignon Blanc Wine,4
Russian,Russian Rye Bread,7
Russian,Russian Style Gluten Free No Salt Added Farmers Cheese,7
Russian,"Yogurt, Nonfat Russian",1
Spanish,"Certified Organic Spanish Style Rice With Quinoa, Red Bell Peppers & Corn",40
Spanish,Cheese Plate Spanish,8
Spanish,Enchilada with Spanish Rice & Beans Meal,64
Spanish,Imported Spanish Queen Marinated with Dry Vermouth Martini Olives,9
Spanish,Long Grain & Spanish Seasonings Rice,6
Spanish,Manzanilla Spanish Olives with Pimentos,1
Spanish,Natural Foods Spanish Paella,3
Spanish,"Olives, Spanish, Manzanilla",38
Spanish,"Olives, Spanish, Manzanillas, Stuffed with Minced Pimiento",4
Spanish,"Olives, Spanish, Queens, Stuffed with Minced Pimiento",1
Spanish,Organic Soups Hearty Spanish Rice & Red Bean,21
Spanish,Organic Whole Grain Spanish Rice,56
Spanish,Pimiento Stuffed Spanish Green Olives,1
Spanish,Pimiento Stuffed Spanish Olives,1
Spanish,Piparras Spanish Basque Peppers Jar,1
Spanish,Pure Spanish Saffron,2
Spanish,Spanish Amber Votive Candle,1
Spanish,Spanish Caperberries,2
Spanish,Spanish Capers,3
Spanish,Spanish Extra Virgin Olive Oil,1
Spanish,Spanish Onion,1
Spanish,Spanish Padron Peppers,8
Spanish,Spanish Pitted Manzanilla Cocktail Olives,5
Spanish,Spanish Queen Olives,21
Spanish,Spanish Redskin with Sea Salt Peanuts,11
Spanish,Spanish Rice,16
Spanish,Spanish Rice Mix,8
Spanish,Spanish Rice Pilaf Mix,213
Spanish,Spanish Rice Rice Mix,43
Spanish,Spanish Saffron,27
Spanish,Spanish Style Ready Rice,30
Spanish,Spanish Style Tomato Sauce,6
Spanish,Spanish Style Yellow Rice,17
Spanish,Spanish Style Yellow Rice  3 Ct,2
Spanish,Super Colossal Pimento Stuffed Spanish Queen Olives,11
Swedish,All Natural Swedish Style Lemon Snaps,2
Swedish,Ginger Thins Delicate Swedish Cookies,4
Swedish,Light and Lean Meatless Swedish Meatballs With Broccoli And Pasta,28
Swedish,Orange Thins Delicate Swedish Cookies,1
Swedish,Pasta with Swedish Meatballs Tasty American Favorites,9
Swedish,Swedish Bitters,2
Swedish,Swedish Fish,1
Swedish,Swedish Meatballs,90
Swedish,Swedish Meatballs Home Style Meals,6
Swedish,Swedish Meatballs Seasoning & Sauce Mixes,4
Swedish,Swedish Pancake Mix,2
Swedish,Swedish Style Meatballs,3
Swedish,Swedish Style Non-Fat Drinkable Yogurt Plain,33
Thai,Albacore Tuna in Thai Coconut Lemongrass,1
Thai,All Natural Thai Dumplings,7
Thai,"Asian Sauces, Gourmet, Thai Peanut",9
Thai,"Brown Rice Pasta, Fettuccini Style, Pad Thai",21
Thai,Chicken Pad Thai,3
Thai,Chicken Pad Thai With Rice Noodles,94
Thai,"Chili Sauce, Sweet, Thai Style Spicy",4
Thai,Coconut Thai Chai,1
Thai,"Cooking Sauce, Thai, Red Curry, Medium",2
Thai,"Curry Chicken, Thai Style",2
Thai,Exotic Thai Red Rice & Flaxseeds Rice Toast,1
Thai,Gluten Free & Dairy Free Thai Red Curry With Organic Jasmin Rice & Vegetables,86
Thai,Gluten Free Thai Spring Rolls 4 Count,2
Thai,Gluten Free Thai Sticky Purple Rice,3
Thai,Green Tea with Thai Flavors,1
Thai,Hot Thai Red Curry Paste,3
Thai,Meatless Vegan Jerky Seitan Thai Peanut,3
Thai,Mild Thai Green Curry Paste,7
Thai,Organic Curry Thai Seasoning,1
Thai,Organic Green Thai Curry,2
Thai,Organic Medium Yellow Thai Curry,1
Thai,Organic Microwaveable Pouches Jasmine Rice Thai,5
Thai,Organic Red Thai Curry,2
Thai,Organic Red Thai Hom Mali Jasmine Rice,2
Thai,Organic SprouTofu Royal Thai Baked Tofu,37
Thai,Organic Thai Basil,24
Thai,Organic Thai Coconut Curry Hummus,49
Thai,Organic Thai Curry Tofu Nuggets,7
Thai,Organic Thai Hom Mali Jasmine Brown Rice,7
Thai,Organic Thai Style Grass Fed Beef with Coconut Rice,5
Thai,Organic Thai Sweet Potato Soup,19
Thai,Organic Young Thai Coconut,14
Thai,Pad Thai,240
Thai,Pad Thai Brown Rice Noodles,49
Thai,Pad Thai Instant Noodles,4
Thai,Pad Thai Noodle Bowl,7
Thai,Pad Thai Noodles,9
Thai,Pad Thai Rice Noodles,27
Thai,Pad Thai Sauce,2
Thai,Pad Thai for Two,1
Thai,Pasta Sides Thai Sweet Chili,1
Thai,Red Thai Curry Simmer Sauce,1
Thai,"Rice, Thai Fried",2
Thai,"Roasted white meat chicken, whole wheat noodles, green beans & carrots in a creamy chili peanut sauce. Thai-Style Noodles With Chicken",6
Thai,"Satay Sauce, Thai Peanut, Spicy-Hot",1
Thai,Slow Kettle Thai Chicken with Rice,1
Thai,Slow Roasted Thai Basil Chick'n,9
Thai,Smart Ones Thai Style White Meat Chicken & Rice Noodles,1
Thai,Spicy Thai Chili Seasoned Tuna Medley,1
Thai,Stir Fry Pad Thai,7
Thai,Strong Thai Sweet Chili Energy Bar,6
Thai,Sweet And Savory Thai Rice Crackers,6
Thai,THAI KITCHEN THAIPNUT NDLCART,1
Thai,Thai Basil & Sweet Chili Medium Stir-Fry Sauce,2
Thai,Thai Chile Pepper,3
Thai,Thai Chili Peppers,3
Thai,Thai Coconut Curry Gourmet Popcorn,2
Thai,Thai Coconut Curry Hummus,8
Thai,Thai Coconut Nut Burger,1
Thai,Thai Coconut Soup,66
Thai,Thai Ginger Instant Rice Noodle Soup,5
Thai,Thai Green Curry,51
Thai,Thai Green Curry Sauce,1
Thai,Thai Jasmine Rice,13
Thai,Thai Lime Rice,4
Thai,Thai Peanut Asian Noodle Cup,5
Thai,Thai Peanut Noodle Kit,2
Thai,Thai Peanut Sauce,18
Thai,Thai Penang Ginger Curry,2
Thai,Thai Red Curry Simmer Sauce,17
Thai,Thai Rice Stir-Fry Noodles,1
Thai,"Thai Spice, Organic",1
Thai,Thai Spicy Mochi Rice Cracker,3
Thai,Thai Style Chili Sauce,1
Thai,Thai Style Spring Rolls with Sweet & Sour Sauce,1
Thai,Thai Style Tom Yum Noodle Soup Bowl,4
Thai,Thai Sweet Chili Sauce,1
Thai,Thai Tom Yum Asian Soup,6
Thai,Thai Yellow Curry Sauce,1
Thai,Vegan Big Cup Pad Thai Noodle Soup,39
Thai,Vegetable Pad Thai With Rice Noodles,14
Thai,"White meat chicken, shredded cabbage, julienne yellow carrots and spicy red coconut flavored curry Thai-Style Chicken Spring Rolls",20
Thai,Wicked Thai-Style Chicken with Rice & Vegetables Soup,1
Turkish,"Bay Leaves, Turkish, Organic",8
Turkish,Delightfully Turkish Sun Dried Figs,1
Turkish,Mulberry Berries Organic Turkish Superfruit,2
Turkish,Organic Turkish Apricots,14
Turkish,Organic Turkish Figs,63
Turkish,Turkish Apricots,4
Turkish,Turkish Coffee Fine Ice Cream,13
Vietnamese,All Natural Asian Cuisine Vietnamese Pho Soup Bowl,17
Vietnamese,Blue Bottle Vietnamese Coffee Ice Cream,1
Vietnamese,"Broth, Vietnamese Pho",8
Vietnamese,Cold Brew Coffee Vietnamese Coffee,5
Vietnamese,Gluten-Free Garlic Goodness Vietnamese Brown Rice Noodle Soup,5
Vietnamese,Organic Vietnamese 5% Oil Ground Cinnamon,2
Vietnamese,Vietnamese Brown Rice Noodle Soup Gluten Free Shitake Mushroom,3
Vietnamese,Vietnamese Brown Rice Noodles With Green Tea,7
Vietnamese,Vietnamese Brown Rice Spring Roll Wrappers,10
Vietnamese,Vietnamese Rice Noodles,5
